{
   "base_spec":"/pa/units/commanders/base_commander/base_commander.json",
   "display_name":"PRoeleert",
   "description":"Combat Fabricator Commander",
   "max_health":7000,
   "attachable":{
      "offsets":{
         "root":[
            0,
            0,
            0
         ],
         "head":[
            0,
            0,
            10.88
         ]
      }
   },
   "buildable_types":"(Basic & Factory) | (Basic & Defense) | Teleporter | Wall",
   "can_only_assist_with_buildable_items":true,
   "command_caps":[
      "ORDER_Move",
      "ORDER_Patrol",
      "ORDER_Build",
      "ORDER_Reclaim",
      "ORDER_Repair",
      "ORDER_Assist",
      "ORDER_Use"
   ],
   "transportable":{
      "size":1
   },
   "navigation":{
      "type":"amphibious",
      "acceleration":120,
      "brake":120,
      "move_speed":12,
      "turn_speed":90,
      "group_preference":"back",
      "turn_in_place":false
   },
   "physics":{
      "radius":6.4,
      "allow_pushing":true,
      "push_class":100,
      "sync_radius_to_extents":true
   },
   "recon":{
      "observer":{
         "items":[
            {
               "layer":"surface_and_air",
               "channel":"sight",
               "shape":"capsule",
               "radius":100
            }
         ]
      }
   },
   "model":{
      "filename":"/pa/units/land/fabrication_bot_combat_adv_rescale/fabrication_bot_combat_advX.papa",
      "animations":{
         "death01":"/pa/units/land/fabrication_bot_combat_adv_rescale/fabrication_bot_combat_adv_anim_death01X.papa",
         "idle":"/pa/units/land/fabrication_bot_combat_adv_rescale/fabrication_bot_combat_adv_anim_idleX.papa",
         "walk":"/pa/units/land/fabrication_bot_combat_adv_rescale/fabrication_bot_combat_adv_anim_runX.papa"
      },
      "animtree":"/pa/anim/anim_trees/fabrication_bot_combat_adv_anim_tree.json",
      "walk_speed":12,
      "arrows":5
   },
   "tools":[
      {
         "spec_id":"/pa/units/commanders/quad_spiderofmean/fabrication_bot_combat_adv_build_arm.json",
         "aim_bone":"bone_turretBack"
      }
   ],
   "events":{
      "build_complete":{
         "audio_cue":"/SE/Build_Complete/fab",
         "effect_scale":1.6
      },
      "died":{
         "audio_cue":"/SE/Death/Bot",
         "effect_scale":2.4
      }
   },
   "audio":{
      "loops":{
         "build":{
            "cue":"/SE/Construction/Fab_contruction_beam_loop",
            "flag":"build_target_changed",
            "should_start_func":"has_build_target",
            "should_stop_func":"no_build_target"
         },
         "move":{
            "cue":"/SE/Movement/bot/T2_fab_combat_loop",
            "flag":"vel_changed",
            "should_start_func":"is_moving",
            "should_stop_func":"is_not_moving"
         }
      },
      "selection_response":{
         "cue":"/SE/Selection/bot/T2_fab_combat"
      }
   },
   "fx_offsets":[
      {
         "type":"build",
         "filename":"/pa/effects/specs/fab_combat_spray.pfx",
         "bone":"socket_muzzleBack",
         "offset":[
            0,
            0,
            0
         ],
         "orientation":[
            0,
            0,
            0
         ]
      }
   ],
   "TEMP_texelinfo":6.38702,
   "mesh_bounds":[
      7.0400004,
      12,
      16
   ]
}