{
   "base_spec":"/pa/ammo/base_laser_blast/base_laser_blast.json",
   "flight_type":"Seeking",
   "damage":85,
   "splash_damage":85,
   "splash_radius":75,
   "full_damage_splash_radius": 35,
   "initial_velocity":100.0,
   "max_velocity":100.0,
   "lifetime":4.5,
   "turn_rate":0,
   "fx_trail":{
      "filename":"/pa/units/commanders/raptor_centurion/ion_defense_proj_trail.pfx"
   },
   "events": {
	    "died": {
	      "audio_cue": "/SE/Impacts/shell_artillery",
	      "effect_spec": "/pa/effects/specs/default_proj_explosion.pfx"
	    }
  },
  "fx_collision_spec":"/pa/effects/specs/default_proj_explosion.pfx",
  "collision_audio":"/SE/Impacts/laser_blast",
  "physics":{
        "radius":2,
        "push_class":1,
        "gravity_scalar":100,
        "add_to_spatial_db":false,
        "allow_underground":true
   },
   "armor_damage_map": {
		"AT_Air":0.7,
		"AT_Commander":0.25
	}
}