{
   "base_spec":"/pa/units/commanders/quad_base/quad_base.json",
   "display_name":"OtterFamily",
   "description":"Artillery Commander",

	"navigation":{
      "type":"amphibious",
      "acceleration":60,
      "brake":60,
      "move_speed":6,
      "turn_speed":45,
      "turn_in_place":true
   },
   "tools":[
		{
			"spec_id":"/pa/tools/commander_build_arm/commander_build_arm.json",
			"aim_bone":"bone_turret"
		},
		{
			"spec_id":"/pa/units/commanders/base_commander/base_commander_tool_aa_weapon.json",
			"aim_bone":"bone_turret",
			"muzzle_bone":"socket_rightMuzzle",
			"primary_weapon":false,
			"show_range":false
		},
		{
			"spec_id":"/pa/units/commanders/base_commander/base_commander_tool_torpedo_weapon.json",
			"aim_bone":"bone_turret",
			"muzzle_bone":"socket_rightMuzzle",
			"primary_weapon":false,
			"show_range":false
		},
	   {
		  "spec_id":"/pa/units/commanders/quad_shadowdaemon/tank_heavy_mortar_tool_weapon.json",
		  "aim_bone":"socket_aim",
		  "muzzle_bone":"socket_muzzle"
	   }
   ],

  "attachable":{
	  "offsets":{
		  "root":[
			  0,
			  0,
			  0
		  ],
		  "head":[
			  0,
			  0,
			  4.96
		  ]
	  }
  },
  "model":{
	  "filename":"/pa/units/land/tank_heavy_mortar_rescale/tank_heavy_mortarX.papa",
	  "animtree":"/pa/anim/anim_trees/turret_anim_tree.json",
	  "arrows":5
  },
  "nearby_target_tick_update_interval":15,
  "events":{
	  "fired":{
		  "audio_cue":"/SE/Weapons/veh/tank_T2_sheller",
		  "effect_scale":1.6
	  }
  },
  "audio":{
	  "loops":{
		  "move":{
			  "cue":"/SE/Movement/veh/tank_heavy_mortar_loop_sheller_T2",
			  "flag":"vel_changed",
			  "should_start_func":"is_moving",
			  "should_stop_func":"is_not_moving"
		  }
	  }
  },
  "TEMP_texelinfo":9.31488,
  "mesh_bounds":[
	  11.2,
	  12,
	  6.08
  ]
}