{
   "base_spec":"/pa/units/commanders/raptor_base/raptor_base.json",
   "display_name":"ZaphodX",
   "description":"AOE Combat Commander",

   "max_health":13000,
   "navigation":{
	      "type":"amphibious",
	      "acceleration":80,
	      "brake":60,
	      "move_speed":8,
	      "turn_speed":90,
	      "turn_in_place":false
   },
   "tools":[
	      {
	         "spec_id":"/pa/tools/commander_build_arm/commander_build_arm.json",
	         "aim_bone":"bone_turret"
	      },
	      {
	         "spec_id":"/pa/units/commanders/base_commander/base_commander_tool_bullet_weapon.json",
	         "aim_bone":"bone_turret",
	         "muzzle_bone":"socket_rightMuzzle",
	         "primary_weapon":true
	      },
	      {
	         "spec_id":"/pa/units/commanders/raptor_nemicus/uber_cannon.json",
	         "aim_bone":"bone_turret",
	         "muzzle_bone":"socket_rightMuzzle",
	         "secondary_weapon":true
	      },
	      {
	         "spec_id":"/pa/units/commanders/base_commander/base_commander_tool_aa_weapon.json",
	         "aim_bone":"bone_turret",
	         "muzzle_bone":"socket_rightMuzzle",
	         "primary_weapon":false,
	         "show_range":false
	      },
	      {
	         "spec_id":"/pa/units/commanders/base_commander/base_commander_tool_torpedo_weapon.json",
	         "aim_bone":"bone_turret",
	         "muzzle_bone":"socket_rightMuzzle",
	         "primary_weapon":false,
	         "show_range":false
	      }
   ],

   "attachable":{
      "offsets":{
         "root":[
            0,
            0,
            0
         ],
         "head":[
            0,
            -0.2,
            12.8
         ]
      }
   },
   "model":{
      "filename":"/pa/units/commanders/raptor_nemicus/raptor_nemicus.papa"
   },
   "headlights":[
      {
         "gobo":"/pa/effects/textures/gobo/spotlight_gobo.papa",
         "offset":[
            0.29,
            -3.27,
            4.45
         ],
         "orientation":[
            0.0,
            45.0,
            0.0
         ],
         "near_width":5.0,
         "near_height":5.0,
         "near_distance":3.0,
         "far_distance":30.0,
         "color":[
            1.0,
            1.0,
            1.0
         ],
         "intensity":6.0,
         "bone":"bone_spine",
         "shadow_resolution":128
      }
   ],
   "lamps":[
      {
         "offset":[
            0.29,
            -3.27,
            4.45
         ],
         "radius":2.0,
         "color":[
            1.0,
            1.0,
            1.0
         ],
         "intensity":5.0,
         "bone":"bone_spine"
      },
      {
         "offset":[
            0.4,
            3.46,
            -1.1
         ],
         "radius":4.0,
         "color":[
            0.4,
            1.0,
            0.01
         ],
         "intensity":2.0,
         "bone":"bone_leftShoulder"
      }
   ],
   "mesh_bounds":[
      11.2,
      8.71255,
      13.4
   ]
}