{
   "base_spec":"/pa/tools/base_bot_weapon/base_bot_weapon.json",
   "ammo_id":"/pa/units/commanders/base_commander/base_commander_ammo.json",
   "rate_of_fire":2.0,
   "max_range":150,
   "yaw_rate":360,
   "pitch_rate":360,
   "yaw_range":180,
   "pitch_range":40,
   "auto_attack":true,
   "idle_aim_delay":5,
   "target_layers":[
      "WL_LandHorizontal",
      "WL_Seafloor"
   ],
   "target_priorities":[
      "Mobile - Air",
      "Mobile",
      "Structure - Wall"
   ]
}