{
   "base_spec":"/pa/units/commanders/base_commander/base_commander.json",
   "display_name":"Bsport",
   "description":"Airship Commander",

   "max_health":14000,
   "spawn_layers":"WL_Air",
   "unit_types":[
	      "UNITTYPE_Commander",
	      "UNITTYPE_Air",
	      "UNITTYPE_Construction",
	      "UNITTYPE_Mobile",
	      "UNITTYPE_Offense",
	      "UNITTYPE_Land",
	      "UNITTYPE_NoBuild"
   ],
   "navigation":{
	      "type":"air",
	      "acceleration":5,
	      "brake":20,
	      "move_speed":20,
	      "turn_speed":20,
	      "turn_in_place":true,
	      "dodge_radius":15,
	      "dodge_multiplier":3.0,
	      "hover_time":-1
   },
   "audio":{
		"loops":{
			"move":{
				"cue":"/SE/Movement/air/air_gunship_loop",
				"flag":"vel_changed",
				"should_start_func":"is_moving",
				"should_stop_func":"is_not_moving"
			}
		}
   },

	"physics":{
	      "radius":15,
	      "gravity_scalar":1,
	      "push_sideways":true,
	      "allow_pushing":true,
	      "air_friction":1.0,
	      "push_class":100,
      	"sync_radius_to_extents":true
   },

   "attachable":{
      "offsets":{
         "root":[
            0,
            0,
            0
         ]
      }
   },

   "guard_layer":"WL_Air",

   "tools":[
      {
	      "spec_id":"/pa/tools/commander_build_arm/commander_build_arm.json",
         "aim_bone":"bone_turret01",
         "muzzle_bone":"bone_turret01"
      },
      {
         "spec_id":"/pa/units/commanders/quad_armalisk/uber_cannon_battleship.json",
			"aim_bone":"bone_turret01",
			"muzzle_bone":"bone_turret01",
         "primary_weapon":false,
         "secondary_weapon":true
      },
      {
         "spec_id":"/pa/units/orbital/defense_satellite/defense_satellite_tool_weapon.json",
         "aim_bone":"bone_turret02",
         "muzzle_bone":"bone_turret02",
         "primary_weapon":true,
         "secondary_weapon":false
      },
      {
         "spec_id":"/pa/units/orbital/defense_satellite/defense_satellite_tool_weapon.json",
         "aim_bone":"bone_turret03",
         "muzzle_bone":"bone_turret03",
         "primary_weapon":true,
         "secondary_weapon":false
      },
      {
         "spec_id":"/pa/units/orbital/defense_satellite/defense_satellite_tool_weapon.json",
         "aim_bone":"bone_turret04",
         "muzzle_bone":"bone_turret04",
         "primary_weapon":true,
         "secondary_weapon":false
      }
   ],
   "model":{
      "filename":"/pa/units/orbital/defense_satellite/defense_satellite.papa",
      "animtree":"/pa/anim/anim_trees/defense_satellite_anim_tree.json"
   },
   "events":{
      "fired":{
         "audio_cue":"/SE/Weapons/orb/defense_satellite_fire"
      },
      "died":{
         "audio_cue":"/SE/Death/orbital"
      }
   },
   "mesh_bounds":[
      23,
      23,
      6
   ],
   "placement_size":[
      50,
      50
   ],
   "TEMP_texelinfo":26.4194
}