{
   "base_spec":"/pa/tools/base_artillery_turret_unit/base_artillery_turret_unit.json",
   "ammo_id":"/pa/units/commanders/quad_shadowdaemon/tank_heavy_mortar_ammo.json",
	"rate_of_fire": 3,
	"ammo_source": "energy",
	"ammo_capacity": 100,
	"ammo_demand": 5,
	"ammo_per_shot": 10,
	"firing_standard_deviation":3.0,
   "max_range":260,
   "yaw_rate":30,
   "pitch_rate":30,
   "yaw_range":180,
   "pitch_range":89,
   "spread_fire":true,
   "auto_attack":true,
   "target_layers":[
      "WL_LandHorizontal",
      "WL_Seafloor",
      "WL_WaterSurface"
   ]
}