{
    "context": "client",
    "identifier": "com.pa.conundrum.cExodus",
    "display_name": "eXodus eSports",
    "description": "Stay up to date on the latest news, events, videos and guides from eXodus eSports.",
    "author": "eXodus eSports",
    "version": "1.2.5",
    "build": "87296",
    "date": "2016/03/31",
    "signature": "not yet implemented",
    "forum": "https://forums.uberent.com/threads/rel-exodus-esports.65063/",
    "category": [
        "main-menu",
        "ui",
        "tournaments"
    ],
    "scenes": {
        "start": [
            "coui://ui/mods/cexodus/js/dateformat.js",
            "coui://ui/mods/cexodus/js/util.js",
            "coui://ui/mods/cexodus/cexodus.js",
            "coui://ui/mods/cexodus/css/imported.css",
            "coui://ui/mods/cexodus/css/cexodus.css",
            "coui://ui/mods/cexodus/videofeed/videofeed.js",
            "coui://ui/mods/cexodus/tabs/cexodus_tabs.js"
        ]
    },
    "id": "cExodus",
    "icon": "http://i.imgur.com/oWmip9n.png",
    "priority": 100,
    "enabled": true
}
