{
   "base_spec":"/pa/units/commanders/base_commander/base_commander.json",
   "display_name":"Sambasti",
   "usable":true,
   "buildable_types":"CmdBuild | (Recon & Air & Structure)",
   "max_health":11500,

   "unit_types":[
      "UNITTYPE_Transport",
      "UNITTYPE_Commander",
		"UNITTYPE_Construction",
		"UNITTYPE_Mobile",
		"UNITTYPE_Offense",
		"UNITTYPE_Air",
      "UNITTYPE_NoBuild"
   ],
   "events":{
		"child_attached":{
         "audio_cue":"/SE/Movement/air/transport_load",
         "effect_scale":1.6
      },
      "child_detached":{
         "audio_cue":"/SE/Movement/air/transport_unload",
         "effect_scale":1.6
      }
   },

   "command_caps":[
		"ORDER_Move",
		"ORDER_Patrol",
		"ORDER_Build",
		"ORDER_Attack",
		"ORDER_Reclaim",
		"ORDER_Repair",
		"ORDER_Assist",
		"ORDER_Use",
		"ORDER_Load",
      "ORDER_Unload",
		"ORDER_FireSecondaryWeapon"
	],
   "useable":{
      "type":"transport",
      "range":30
   },
   "transporter":{
      "capacity":6,
      "transporter_attach_bone":"bone_payload",
      "transportable_attach_offset":"head"
   },
   "navigation":{
		"type":"air",
		"dodge_radius":15,
		"dodge_multiplier":3.0,
		"hover_time":-1,
      "acceleration":4,
      "brake":4,
      "move_speed":30,
      "turn_speed":30,
      "turn_in_place":false
   },
   "physics":{
		"gravity_scalar":1,
		"push_sideways":true,
		"allow_pushing":true,
		"air_friction":1.0,
		"radius":9,
		"push_class":100,
		"sync_radius_to_extents":true
   },
   "tools":[
		{
			"spec_id":"/pa/units/commanders/imperial_gamma/commander_build_arm.json",
			"aim_bone":"bone_root"
		},
		{
			"spec_id":"/pa/units/commanders/base_commander/base_commander_tool_bullet_weapon.json",
			"aim_bone":"bone_root",
			"primary_weapon":true
		},
		{
			"spec_id":"/pa/units/commanders/base_commander/base_commander_tool_aa_weapon.json",
			"aim_bone":"bone_root",
			"primary_weapon":false,
			"show_range":false
		},
		{
			"spec_id":"/pa/units/commanders/base_commander/base_commander_tool_torpedo_weapon.json",
			"aim_bone":"bone_root",
			"muzzle_bone":"socket_rightMuzzle",
			"primary_weapon":false,
			"show_range":false
      },
      {
			"spec_id":"/pa/tools/uber_cannon/uber_cannon.json",
			"aim_bone":"bone_root",
			"muzzle_bone":"socket_rightMuzzle",
			"secondary_weapon":true
      }
   ],
   "recon":{
      "observer":{
         "items":[
            {
               "layer":"surface_and_air",
               "channel":"sight",
               "shape":"capsule",
               "radius":120
            }
         ]
      }
   },
	"guard_radius": 100,
	"guard_layer": "WL_AirHorizontal",









	"attachable":{
		"offsets":{
			"root":[
				0,
				0,
				0
			]
		}
   },
   "audio":{
      "loops":{
         "move":{
            "cue":"/SE/Movement/air/air_transport_loop",
            "flag":"vel_changed",
            "should_start_func":"is_moving",
            "should_stop_func":"is_not_moving"
         }
      }
   },
   "model":{
      "filename":"/pa/units/air/transport_rescale/transportX.papa",
      "animations":{
         "fly":"/pa/units/air/transport_rescale/transport_anim_flyX.papa"
      },
      "animtree":"/pa/anim/anim_trees/transport_anim_tree.json"
   },
   "TEMP_texelinfo":10.4837,
   "fx_offsets":[
      {
         "type":"idle",
         "filename":"/pa/units/air/fabrication_aircraft/fabrication_aircraft_jets.pfx",
         "bone":"bone_leftWing",
         "offset":[
            0,
            0,
            -2.6976001
         ],
         "orientation":[
            0,
            90,
            0
         ]
      },
      {
         "type":"idle",
         "filename":"/pa/units/air/fabrication_aircraft/fabrication_aircraft_jets.pfx",
         "bone":"bone_rightWing",
         "offset":[
            0,
            0,
            -2.6976001
         ],
         "orientation":[
            0,
            90,
            0
         ]
      },
      {
         "type":"moving_forward",
         "filename":"/pa/units/air/transport/transport_jets.pfx",
         "bone":"bone_turret",
         "offset":[
            0,
            2.2688,
            0.8
         ]
      }
   ],
   "mesh_bounds":[
      21.6,
      21.6,
      7.52
   ]
}