{
    "context": "client",
    "identifier": "com.pa.conundrum.cMaps_p12",
    "display_name": "Pieces Of 12 Tournament Map Pack",
    "description": "Contains all maps used in the Pieces Of 12 tournament.",
    "author": "Team Genesis",
    "version": "1.0",
    "build": "76514",
    "date": "2014/12/20",
    "signature": "not yet implemented",
    "forum": "https://forums.uberent.com/threads/pieces-of-twelve-2v2-open-tournament-20th-december.66618/",
    "category": [
        "ui"
    ],
    "load_planet": [
        "coui://ui/mods/cMaps_p12/maplist.js"
    ],
    "id": "cMaps_p12",
    "priority": 500,
    "enabled": true,
    "dependencies": [
        "com.pa.conundrum.cShareSystems"
    ]
}