{
    "context": "client",
    "identifier": "com.pa.conundrum.cLeagueOfCommandersUi",
    "display_name": "League Of Commanders - UI",
    "description": "Client mod to be used by everyone playing League of Commanders",
    "author": "Captain Conundrum",
    "version": "0.3.0",
    "build": "75740",
    "date": "2014/12/07",
    "signature": "not yet implemented",
    "category": [
        "in-game",
        "lobby",
        "ui"
    ],
    "scenes": {
        "new_game": [
        		"coui://ui/mods/cLeagueOfCommanders_ui/cLeagueOfCommanders.css",
            "coui://ui/mods/cLeagueOfCommanders_ui/new_game.js"
        ]
	 },
    "id": "cLeagueOfCommandersUi",
    "icon": "http://i.imgur.com/0Tox4CT.png",
    "forum": "https://forums.uberent.com/threads/wip-league-of-commanders.66087/",
    "priority": 100,
    "enabled": true
}
