{
    "context": "server",
    "identifier": "com.pa.conundrum.cLeagueOfCommanders",
    "display_name": "League Of Commanders",
    "description": "Every commander is unique! All players should be using the League of Commanders UI mod. Read the forum post for more information on each commander.",
    "author": "Captain Conundrum",
    "version": "0.1.0",
    "build": "75539",
    "date": "2014/11/30",
    "signature": "not yet implemented",
    "category": [
        "in-game",
        "server-mod"
    ],
    "id": "com.pa.conundrum.cLeagueOfCommanders",
    "forum": "https://forums.uberent.com/threads/wip-league-of-commanders.66087/",
    "priority": 100,
    "enabled": true,
    "dependencies": [
        "com.pa.conundrum.cLeagueOfCommandersUi"
    ]
}