{
   "base_spec":"/pa/ammo/base_artillery/base_artillery.json",
   "damage":500,
   "splash_damage":500,
   "splash_radius":35,
   "full_damage_splash_radius":10,
   "splash_damages_allies":false,
   "initial_velocity":150.0,
   "max_velocity":150.0,
   "lifetime":10,
   "events": {
		"died": {
			"audio_cue": "/SE/Impacts/shell_artillery",
      	"effect_spec":"/pa/units/commanders/quad_shadowdaemon/nuke_launcher_ammo_explosion.pfx"
		}
  },
	"armor_damage_map": {
		"AT_Commander": 0.5
	},

   "audio_loop":"/SE/Movement/missile/tactical_missile_fly_loop"
}