{
   "base_spec":"/pa/ammo/base_ammo/base_ammo.json",
   "flight_type":"Direct",
   "damage":500,
   "splash_damage":0,
   "splash_radius":0,
   "full_damage_splash_radius":0,
   "initial_velocity":300.0,
   "max_velocity":300.0,
   "lifetime":3,
   "model":{
      "filename":""
   },
   "fx_trail":{
      "filename":"/pa/units/commanders/raptor_centurion/orbital_laser_proj_trail.pfx",
      "effect_scale":1
   },
   "events":{
      "died":{
         "audio_cue":"/SE/Impacts/missile_tactical",
         "effect_spec":"/pa/effects/specs/uber_proj_explosion.pfx"
      }
   },
   "physics":{
      "radius":1,
      "push_class":1,
      "gravity_scalar":1,
      "ignore_gravity":true,
      "add_to_spatial_db":false
   }
}