{
   "base_spec":"/pa/units/commanders/quad_base/quad_base.json",
   "display_name":"TotalAnnihilation",
   "description":"Orbital Fabrication Commander",

   "buildable_types":"CmdBuild | (Orbital & Transport) | (Orbital & Fighter) | (OrbitalDefense & FabBuild) | (Orbital & Structure & Recon)",
	"max_health":10000,
	"navigation":{
      "type":"amphibious",
      "acceleration":80,
      "brake":60,
      "move_speed":8,
      "turn_speed":90,
      "turn_in_place":false
   },
   "storage":{
	      "energy":30000,
	      "metal":1500
   },
   "recon":{
		"observer":{
			"items":[
				{
					"layer":"surface_and_air",
					"channel":"sight",
					"shape":"capsule",
					"radius":110
				}
			]
		}
   },

   "attachable":{
      "offsets":{
         "root":[
            0,
            0,
            0
         ],
         "head":[
            0,
            0.8,
            12
         ]
      }
   },
   "model":{
      "filename":"/pa/units/commanders/quad_osiris/quad_osiris.papa"
   },
   "headlights":[
      {
         "gobo":"/pa/effects/textures/gobo/spotlight_gobo.papa",
         "offset":[
            0.0,
            -1.2,
            4.3
         ],
         "orientation":[
            0.0,
            45.0,
            0.0
         ],
         "near_width":5.0,
         "near_height":5.0,
         "near_distance":3.0,
         "far_distance":30.0,
         "color":[
            1.0,
            1.0,
            1.0
         ],
         "intensity":6.0,
         "bone":"bone_spine",
         "shadow_resolution":128
      }
   ],
   "lamps":[
      {
         "offset":[
            0.0,
            -1.2,
            4.3
         ],
         "radius":2.0,
         "color":[
            1.0,
            1.0,
            1.0
         ],
         "intensity":5.0,
         "bone":"bone_spine"
      },
      {
         "offset":[
            0.025,
            3.68,
            -1.0
         ],
         "radius":4.0,
         "color":[
            0.4,
            1.0,
            0.01
         ],
         "intensity":2.0,
         "bone":"bone_leftShoulder"
      }
   ],
   "mesh_bounds":[
      11.0,
      8.71255,
      13.0
   ]
}