{
   "display_name":"Sentry",
   "description":"Small invisible sentry post that reports back everything it sees.",
   "strategic_icon_priority":3,
   "max_health":5,
   "build_metal_cost":35,
   "wreckage_health_frac":0.0,
   "spawn_layers":"WL_AnyHorizontalGroundOrWaterSurface",
   "area_build_type":"Line",
   "area_build_separation":35.0,
   "unit_types":[
		"UNITTYPE_Recon",
		"UNITTYPE_Air",
		"UNITTYPE_Structure"
   ],
	"physics":{
		"gravity_scalar":1,
		"type":"Structure",
		"shape":"Box",
		"radius":1,
		"push_class":255,
		"allow_pushing":false,
		"push_sideways":false,
		"allow_underground":false,
      "ignore_collisions":true
   },
   "recon":{
      "observable":{
         "layer":"surface_and_air",
         "ignore_sight":true
      },
      "observer":{
         "items":[
            {
               "layer":"surface_and_air",
               "channel":"sight",
               "shape":"capsule",
               "radius":60
            }
         ]
      }
   },
   "tools":[
   ],
   "model":[
      {
         "filename":"/pa/units/land/land_mine/land_mine.papa"
      }
   ],
   "events":{
      "build_complete":{
         "audio_cue":"/SE/Build_Complete/barrier"
      },
      "died":{
         "audio_cue":"/SE/Death/barrier",
         "effect_spec":"/pa/units/land/bot_bomb/bot_bomb_ammo_explosion.pfx"
      }
   },
   "mesh_bounds":[
      4.0,
      4.0,
      1.0
   ],
   "TEMP_texelinfo":2.37699
}