{
   "tool_type":"TOOL_Weapon",
   "ammo_id":"/pa/ammo/cannon_uber/cannon_uber.json",
   "target_layers":[
      "WL_LandHorizontal",
      "WL_WaterSurface",
      "WL_Air"
   ],
   "ammo_source":"energy",
   "ammo_capacity":2500,
   "ammo_demand":1500,
   "ammo_per_shot":2500,
   "max_range":120,
   "yaw_rate":360,
   "pitch_rate":360,
   "yaw_range":180,
   "pitch_range":90,
   "rate_of_fire":2.0,
   "auto_attack":false,
   "manual_fire":true,
   "auto_task_type":"none"
}